customer_id,age,annual_income,credit_score,loan_amount,marital_status,education_level,default
CUST_0848,54.0,52003.66521128116,374,23300.0,Single,PhD,0
CUST_0406,63.0,56014.06814937745,442,24300.0,Single,Bachelor,0
CUST_0690,67.0,67878.7949756146,684,22300.0,Married,Bachelor,1
CUST_0920,36.0,68005.64083585533,612,33900.0,Married,Bachelor,1
CUST_0571,22.0,27830.730432491597,565,9800.0,Married,High School,0
CUST_0342,57.0,15000.0,819,7100.0,Married,Bachelor,1
CUST_0112,74.0,114653.41015567207,329,55300.0,Divorced,Master,0
CUST_0444,44.0,80915.78711032038,697,15100.0,Married,High School,0
CUST_0989,76.0,47827.10610518781,389,5900.0,Single,High School,0
CUST_0425,20.0,59547.40254065143,441,28000.0,Divorced,Master,0
CUST_0752,53.0,88704.42063405753,493,22200.0,Divorced,Bachelor,0
CUST_0857,34.0,29070.83098144269,689,12800.0,Married,High School,0
CUST_0845,19.0,18294.990001121376,311,5600.0,Married,PhD,0
CUST_0665,51.0,47407.562699184855,376,23000.0,Single,High School,0
CUST_0223,23.0,49314.52789056307,655,11100.0,,Master,1
CUST_0735,28.0,77648.4959133431,628,33700.0,Single,Master,0
CUST_0026,47.0,128481.44478027232,527,52000.0,Single,High School,0
CUST_0129,46.0,21345.961033470223,790,9700.0,Single,PhD,1
CUST_0394,55.0,90716.06575757664,365,24600.0,Single,Bachelor,0
CUST_0309,34.0,90127.55405749139,365,14200.0,Married,Master,0
CUST_0561,71.0,61033.61260328534,784,23400.0,Divorced,Bachelor,1
CUST_0733,67.0,80450.7177745905,347,36400.0,Single,High School,0
CUST_0756,49.0,28449.100712452862,602,5100.0,Single,Bachelor,1
CUST_0463,47.0,67413.63158846938,361,14700.0,Married,Master,0
CUST_0384,41.0,48527.53945059492,340,12300.0,Single,High School,0
CUST_0118,35.0,,410,7800.0,,Bachelor,0
CUST_0709,29.0,107893.90020015613,566,38000.0,Divorced,Bachelor,0
CUST_0827,64.0,36446.83641759566,745,14800.0,Single,Master,1
CUST_0979,35.0,76438.43365370575,815,13700.0,Married,Master,1
CUST_0345,57.0,54394.61086970534,843,10200.0,Single,Bachelor,1
CUST_0319,33.0,69160.3787190722,803,24700.0,Single,Master,1
CUST_0714,68.0,77585.72706504694,775,25000.0,Married,Bachelor,1
CUST_0198,78.0,71513.2246768504,602,23200.0,Married,Master,1
CUST_0447,47.0,48786.203598515734,764,17200.0,Single,PhD,0
CUST_0011,36.0,104903.57359754085,400,13000.0,Married,Bachelor,0
CUST_0747,41.0,87536.86574869465,648,32900.0,Single,High School,0
CUST_0005,,850000.0,378,250000.0,Single,Bachelor,1
CUST_0170,39.0,85622.50465321835,825,22800.0,Single,High School,1
CUST_0491,48.0,,832,22600.0,Married,Master,1
CUST_0639,22.0,93281.31975994345,330,42500.0,Single,Bachelor,0
CUST_0540,32.0,,426,12300.0,Single,Master,0
CUST_0580,52.0,35552.583925485684,686,13200.0,Single,Bachelor,0
CUST_0367,,,785,23100.0,Married,Bachelor,0
CUST_0441,71.0,76364.08705749139,372,10000.0,Single,High School,0
CUST_0096,46.0,23522.710290308583,512,2900.0,Single,Master,0
CUST_0576,49.0,22055.159405959195,839,6000.0,Divorced,Master,0
CUST_0515,56.0,58793.42748037211,740,28300.0,Divorced,High School,1
CUST_0481,69.0,77668.36656217094,642,27500.0,Divorced,Bachelor,0
CUST_0867,78.0,37617.91369758763,720,17900.0,Married,Bachelor,1
CUST_0450,64.0,66257.663068883,619,12800.0,,Bachelor,1
CUST_0645,69.0,88807.33652593024,374,16000.0,Married,High School,0
CUST_0139,25.0,84106.30496522559,799,38000.0,Married,Bachelor,0
CUST_0927,31.0,45011.5269691829,401,21000.0,Married,Bachelor,0
CUST_0390,28.0,82225.9050803743,475,16600.0,Married,Bachelor,0
CUST_0135,26.0,111174.50828619007,365,12600.0,Single,Bachelor,1
CUST_0750,52.0,83821.89194034925,576,41100.0,Married,Master,0
CUST_0832,61.0,17695.393779408325,459,6400.0,Married,Master,1
CUST_0901,55.0,51231.82439778407,399,15600.0,Married,High School,0
CUST_0933,71.0,54698.188607905264,481,6700.0,Single,High School,0
CUST_0795,75.0,47078.34449106022,365,21600.0,Married,Bachelor,0
CUST_0184,56.0,42978.408887793485,375,6900.0,Single,Bachelor,0
CUST_0154,45.0,81095.06504260795,431,25800.0,Single,Bachelor,0
CUST_0701,18.0,104600.0901390924,464,49800.0,,High School,0
CUST_0692,77.0,32383.615104814377,782,8100.0,Single,Master,1
CUST_0980,68.0,35160.077241975116,403,5800.0,Married,Master,0
CUST_0953,43.0,78713.24646336935,818,26700.0,,PhD,1
CUST_0235,42.0,42118.96550009087,519,13600.0,Single,Bachelor,1
CUST_0181,43.0,15000.0,510,2800.0,Married,Master,0
CUST_0731,75.0,54949.12974136939,664,19500.0,Divorced,Master,1
CUST_0803,69.0,50830.12067384752,773,17600.0,Single,Master,1
CUST_0905,61.0,,573,41100.0,Divorced,Master,0
CUST_0070,43.0,63080.9022742917,423,21500.0,Divorced,High School,0
CUST_0981,22.0,88380.95403499067,692,17300.0,Single,Bachelor,1
CUST_0412,78.0,15000.0,759,4500.0,Married,High School,1
CUST_0208,46.0,114982.9301562451,374,17100.0,Single,Bachelor,0
CUST_0293,18.0,68580.38631243804,542,33700.0,Married,High School,0
CUST_0675,22.0,43151.24136271436,604,16500.0,,Master,0
CUST_0169,57.0,107732.31236824054,520,38400.0,Single,Bachelor,0
CUST_0401,42.0,73938.1560959305,423,8400.0,Married,Master,0
CUST_0943,25.0,31719.25518214824,764,12700.0,Single,High School,1
CUST_0236,56.0,71152.59205725456,462,21400.0,Single,Bachelor,0
CUST_0328,37.0,105519.20058668187,537,10600.0,Single,Bachelor,0
CUST_0829,26.0,77569.9807741601,309,8200.0,Married,Bachelor,0
CUST_0099,61.0,,582,24900.0,Married,High School,0
CUST_0407,35.0,98915.83455458636,490,29700.0,Married,Bachelor,0
CUST_0012,40.0,80026.34860528841,307,30100.0,Divorced,High School,0
CUST_0019,41.0,73329.33237099562,707,16200.0,Single,Bachelor,1
CUST_0546,39.0,79445.42227202849,408,13700.0,Married,High School,0
CUST_0759,79.0,86870.86095672828,669,29600.0,Single,High School,0
CUST_0177,31.0,18477.252978633835,458,2800.0,Married,High School,1
CUST_0533,,115510.0490920528,828,36100.0,Married,High School,1
CUST_0266,58.0,15000.0,744,2600.0,Married,High School,1
CUST_0723,27.0,46980.23952658904,401,5800.0,Married,Bachelor,0
CUST_0085,53.0,84992.28056463019,601,8500.0,Married,Bachelor,1
CUST_0137,,59663.184077316655,312,14700.0,Married,Bachelor,0
CUST_0883,75.0,15000.0,801,3800.0,Single,Bachelor,1
CUST_0125,77.0,109879.11391597409,748,48200.0,Married,Bachelor,1
CUST_0716,52.0,72324.83818629889,483,30700.0,Single,Master,1
CUST_0677,21.0,107919.13700785967,678,16500.0,Divorced,Master,1
CUST_0610,64.0,97699.66592850263,455,15000.0,Single,High School,1
CUST_0813,70.0,38515.196738251405,530,19000.0,Married,High School,1
CUST_0155,24.0,82099.04093686127,319,25700.0,Married,High School,0
CUST_0940,27.0,59232.48967011304,529,27900.0,Divorced,High School,0
CUST_0519,43.0,59470.066706855025,590,22000.0,Married,Bachelor,0
CUST_0167,52.0,58148.891069224264,418,13000.0,Married,Master,0
CUST_0988,67.0,120460.53560286819,828,12300.0,Married,High School,1
CUST_0700,20.0,60969.7882857533,513,17300.0,Single,High School,0
CUST_0025,61.0,50918.534713490924,665,24000.0,Single,PhD,0
CUST_0157,25.0,81702.52379391782,526,10200.0,Married,Bachelor,0
CUST_0230,79.0,31032.212135948495,842,4600.0,,Bachelor,1
CUST_0513,71.0,45447.60786818828,661,16900.0,Divorced,Master,1
CUST_0438,55.0,15000.0,472,4800.0,Single,Bachelor,0
CUST_0486,50.0,67553.22302177585,473,11300.0,Divorced,High School,0
CUST_0190,,104575.76984891338,649,32100.0,Married,Bachelor,1
CUST_0934,20.0,72542.37837365102,835,23700.0,Married,Bachelor,1
CUST_0140,,,533,18500.0,Single,High School,0
CUST_0302,49.0,47100.604826844865,675,6100.0,Married,High School,0
CUST_0907,49.0,65653.06078849314,327,24300.0,Single,High School,0
CUST_0248,56.0,71929.53948396866,369,32500.0,Married,Bachelor,0
CUST_0782,53.0,74501.18658647565,683,10900.0,Single,Bachelor,1
CUST_0882,79.0,19452.38168369115,400,2400.0,Single,Bachelor,0
CUST_0418,31.0,17387.198203370717,414,5000.0,Divorced,Bachelor,0
CUST_0586,67.0,86150.33861678172,718,31400.0,Married,Master,0
CUST_0413,58.0,90472.17488056203,700,37500.0,Divorced,Bachelor,1
CUST_0761,54.0,91589.14298465046,412,43600.0,Single,High School,0
CUST_0772,66.0,69274.27428920548,487,18500.0,Single,Bachelor,0
CUST_0138,61.0,68462.69905971106,692,14900.0,Single,Bachelor,1
CUST_0305,72.0,99184.25636804984,680,39300.0,Single,High School,0
CUST_0430,76.0,60702.16572320605,580,24200.0,Married,High School,1
CUST_0088,21.0,45491.416148557124,535,22600.0,Single,Bachelor,0
CUST_0703,57.0,56959.42159885092,583,27300.0,Single,High School,0
CUST_0975,63.0,99236.02441060261,378,31400.0,Married,Bachelor,0
CUST_0100,51.0,32724.098227547125,762,16300.0,Single,Master,0
CUST_0672,49.0,87118.16054385343,368,9300.0,Single,PhD,0
CUST_0904,75.0,51737.309426546075,562,13000.0,Divorced,Bachelor,0
CUST_0804,76.0,78208.13585525706,312,12700.0,Single,High School,0
CUST_0381,33.0,45076.214105636245,489,11200.0,Married,Bachelor,0
CUST_0143,34.0,46300.75025433775,508,5500.0,Single,Bachelor,0
CUST_0041,59.0,58418.95718570101,849,20700.0,Single,Master,0
CUST_0824,60.0,79244.84529759423,482,9300.0,Married,High School,0
CUST_0478,52.0,47098.59698165013,364,18500.0,Single,PhD,0
CUST_0765,30.0,35287.831951839195,364,9700.0,Single,Bachelor,0
CUST_0291,49.0,85314.0149090766,643,8900.0,Single,Bachelor,1
CUST_0150,59.0,49889.6380467072,510,5900.0,Married,High School,1
CUST_0436,47.0,59980.203348981646,574,28200.0,Married,PhD,0
CUST_0343,56.0,50965.828522608535,559,16100.0,Single,Master,0
CUST_0484,49.0,89371.25711740326,631,16500.0,Married,Master,1
CUST_0821,52.0,82317.48314985531,580,40900.0,Divorced,High School,0
CUST_0952,53.0,86361.51566986735,354,30600.0,Single,High School,0
CUST_0260,32.0,42236.053881503,320,14800.0,Married,Bachelor,0
CUST_0635,74.0,54692.17203162845,691,10200.0,Married,High School,1
CUST_0641,66.0,99611.05279214117,733,35100.0,Divorced,High School,0
CUST_0955,75.0,103029.30344411854,827,18200.0,Married,High School,0
CUST_0707,46.0,49403.245099746986,390,7100.0,Single,Master,0
CUST_0197,69.0,54843.13176525539,775,8300.0,Single,PhD,0
CUST_0998,49.0,,600,13300.0,Single,High School,1
CUST_0878,62.0,74449.03649842185,751,25000.0,Divorced,Bachelor,1
CUST_0203,40.0,144361.05342816896,559,40400.0,Single,Master,0
CUST_0902,70.0,85329.86017132243,472,32600.0,Married,Master,1
CUST_0033,75.0,66351.77185651216,790,30500.0,Married,Bachelor,1
CUST_0243,74.0,53913.00268786778,549,7900.0,Single,Master,0
CUST_0263,49.0,98742.61568276738,604,17300.0,Married,Master,0
CUST_0608,75.0,78053.008931377,750,25200.0,Single,Master,1
CUST_0339,69.0,46009.015488044446,785,5500.0,Married,Master,1
CUST_0216,45.0,70316.39405957548,725,25700.0,Married,Bachelor,1
CUST_0601,79.0,70264.19944071464,719,23600.0,Single,Bachelor,1
CUST_0148,76.0,39684.548227174215,319,12200.0,Married,High School,0
CUST_0299,43.0,22668.345632255267,682,7500.0,Married,High School,1
CUST_0785,58.0,30062.04417890316,657,5500.0,Married,Bachelor,0
CUST_0225,45.0,75470.98534671217,594,22800.0,Single,PhD,0
CUST_0247,20.0,35143.23932885619,818,6700.0,Divorced,Bachelor,1
CUST_0098,,,735,11100.0,Married,Master,0
CUST_0023,19.0,52052.193604859145,576,25200.0,Single,Master,0
CUST_0671,75.0,110292.30140297566,367,24800.0,Married,High School,0
CUST_0192,30.0,83019.32622851443,412,29200.0,Married,Bachelor,0
CUST_0049,79.0,26920.97823820598,681,4600.0,Divorced,Bachelor,1
CUST_0789,24.0,116229.47306712058,589,50100.0,Married,Bachelor,1
CUST_0870,56.0,60272.963270953165,517,23600.0,Married,Bachelor,0
CUST_0270,66.0,94162.52074812766,789,42500.0,Single,Master,1
CUST_0873,43.0,16222.038128778571,534,8000.0,Divorced,Bachelor,0
CUST_0294,36.0,89457.32455290644,331,12600.0,Married,Master,0
CUST_0753,35.0,89489.82377102165,846,37600.0,Single,Master,1
CUST_0264,49.0,56759.56645483979,670,6100.0,Married,Master,0
CUST_0124,77.0,68630.10150713645,814,31700.0,Single,High School,1
CUST_0437,55.0,72174.34896134834,583,20000.0,Married,High School,0
CUST_0959,45.0,50179.30156551277,606,15200.0,Married,Master,1
CUST_0820,22.0,38542.509876021824,612,12300.0,Single,High School,0
CUST_0040,76.0,114032.58679909093,437,16400.0,Single,PhD,0
CUST_0817,31.0,72918.55147011094,832,17900.0,Single,Bachelor,1
CUST_0629,29.0,,726,9200.0,Divorced,Bachelor,1
CUST_0499,49.0,49053.67258176398,705,8900.0,Married,Bachelor,0
CUST_0585,30.0,88496.20258824219,567,22500.0,Single,High School,0
CUST_0711,63.0,52976.346818547725,545,18900.0,Married,Master,0
CUST_0352,40.0,59607.861827468565,461,23700.0,Married,Bachelor,0
CUST_0509,57.0,51452.521890286305,561,25300.0,Married,Bachelor,0
CUST_0095,,35755.789154372746,840,4000.0,Divorced,PhD,1
CUST_0926,66.0,88294.40243521763,824,36100.0,Single,High School,0
CUST_0024,41.0,87320.63410747139,531,30400.0,Single,Bachelor,0
CUST_0667,48.0,42653.30876237973,730,18800.0,Single,High School,0
CUST_0153,58.0,76287.89855047424,680,19600.0,Single,Master,1
CUST_0409,71.0,98696.39453322592,526,15600.0,Single,Bachelor,0
CUST_0984,19.0,77821.09032698444,442,18400.0,Married,High School,0
CUST_0326,46.0,67192.48707154341,784,20800.0,,Bachelor,0
CUST_0131,62.0,54230.19030193458,309,9900.0,Married,Bachelor,0
CUST_0007,78.0,73561.42295018786,766,35200.0,Single,Master,1
CUST_0660,75.0,99707.8175358452,423,10200.0,Single,Bachelor,0
CUST_0693,50.0,100113.58435027189,410,24900.0,Married,Bachelor,0
CUST_0232,,47740.01789245625,707,16500.0,Single,High School,1
CUST_0536,31.0,,850,26100.0,Married,High School,0
CUST_0514,65.0,49624.54971650509,748,20300.0,Married,High School,1
CUST_0840,59.0,69089.33338971637,559,18400.0,Single,Bachelor,1
CUST_0683,66.0,,640,4400.0,Single,Master,0
CUST_0239,18.0,63363.0661560635,699,20000.0,Single,Master,1
CUST_0637,31.0,77056.79726757355,503,15800.0,Divorced,High School,1
CUST_0822,40.0,76438.565904952,330,28000.0,Single,Bachelor,0
CUST_0226,61.0,55267.795206812676,612,14100.0,Married,Bachelor,1
CUST_0657,47.0,52761.513907712404,424,25000.0,Single,Bachelor,1
CUST_0346,18.0,48844.76595442502,823,19100.0,Married,Bachelor,1
CUST_0351,67.0,134019.0483931546,568,40100.0,Married,High School,1
CUST_0292,50.0,17982.705768137217,593,5000.0,Married,High School,0
CUST_0725,79.0,85129.8168695237,515,9400.0,Married,High School,0
CUST_0363,69.0,78525.04681509073,775,25000.0,Single,Master,1
CUST_0477,48.0,27654.258969643983,779,7300.0,Married,High School,1
CUST_0405,35.0,98921.41935547222,741,35100.0,Single,Bachelor,0
CUST_0471,54.0,62822.27891594026,575,28000.0,Single,High School,0
CUST_0806,53.0,84905.22021131303,410,35000.0,Married,Master,0
CUST_0207,60.0,98260.96408172708,423,41400.0,Single,Bachelor,0
CUST_0670,,23855.586762117047,577,3200.0,Married,Master,1
CUST_0072,19.0,124540.91986269876,471,51500.0,Single,PhD,0
CUST_0076,77.0,44533.075367035504,421,5300.0,Single,PhD,0
CUST_0374,76.0,38779.2916479581,756,5100.0,Married,High School,1
CUST_0311,41.0,,343,9600.0,Married,Master,0
CUST_0548,42.0,56134.39542666264,744,24700.0,Single,High School,1
CUST_0089,19.0,109518.23595363056,502,52800.0,Single,Master,0
CUST_0866,36.0,26084.60073007991,497,5200.0,Single,Bachelor,0
CUST_0535,33.0,22372.833268906877,340,9600.0,Married,Bachelor,0
CUST_0614,71.0,94305.98116895984,322,25700.0,,High School,0
CUST_0908,62.0,15000.0,625,6100.0,Single,Bachelor,0
CUST_0054,74.0,15000.0,489,5900.0,Married,Bachelor,0
CUST_0654,53.0,30924.00853622196,841,15100.0,Married,High School,1
CUST_0726,51.0,34525.686936596845,706,5800.0,Single,Bachelor,1
CUST_0439,62.0,18466.27740807942,626,3700.0,Married,Bachelor,0
CUST_0970,30.0,63128.66535162882,788,9900.0,Single,High School,1
CUST_0098,,,735,11100.0,Married,Master,0
CUST_0889,56.0,85332.41441457692,526,16600.0,Single,PhD,0
CUST_0020,20.0,58552.44588641142,782,23700.0,Married,Master,1
CUST_0229,47.0,78444.14896017389,487,32400.0,Single,Bachelor,0
CUST_0903,23.0,76225.2740854734,461,36100.0,,Master,0
CUST_0928,32.0,73788.69897064722,697,13000.0,Single,High School,1
CUST_0365,66.0,77996.80565874958,564,29700.0,Single,Bachelor,0
CUST_0377,58.0,38852.18327857254,775,10500.0,Married,High School,1
CUST_1000,66.0,55506.06650049395,566,11100.0,Single,Bachelor,0
CUST_0655,50.0,48187.7631717429,784,20800.0,Married,Bachelor,1
CUST_0577,69.0,72411.47334996397,383,23100.0,Single,Bachelor,0
CUST_0004,32.0,1200000.0,499,400000.0,Married,Master,1
CUST_0532,18.0,63960.74756143689,848,13700.0,Single,Master,1
CUST_0487,20.0,78776.69363689769,826,15600.0,Married,Bachelor,1
CUST_0386,73.0,90253.53651071546,637,19300.0,,PhD,0
CUST_0200,21.0,81895.21825110201,460,31400.0,Single,Bachelor,0
CUST_0187,32.0,64681.396237790796,416,26000.0,Married,Master,0
CUST_0043,77.0,112647.68092317486,519,29600.0,Married,Bachelor,0
CUST_0323,76.0,63392.682822237555,775,17800.0,Single,High School,1
CUST_0067,67.0,52419.0628583563,701,25400.0,Married,High School,0
CUST_0604,29.0,103092.10498601513,372,45800.0,Married,High School,0
CUST_0814,59.0,76938.84290314115,620,19900.0,Single,Bachelor,1
CUST_0925,58.0,,352,14900.0,Single,High School,0
CUST_0283,76.0,66590.83100921389,321,9800.0,Single,Master,0
CUST_0863,23.0,69904.18863946821,440,22600.0,Single,Bachelor,0
CUST_0360,43.0,95189.80426075654,495,26200.0,Single,High School,0
CUST_0097,35.0,72341.65059023663,762,20100.0,Single,Bachelor,1
CUST_0069,26.0,59103.50479623307,787,26100.0,Married,Bachelor,1
CUST_0879,30.0,48100.34317564007,730,19300.0,Single,Bachelor,0
CUST_0303,72.0,82220.95617581962,512,28100.0,Single,Master,0
CUST_0642,47.0,83936.39373292602,675,37200.0,Married,Master,1
CUST_0651,65.0,97923.58908081405,561,39100.0,Divorced,High School,0
CUST_0771,34.0,24233.16581461839,440,10100.0,Married,Bachelor,0
CUST_0258,61.0,93241.23712430926,464,41100.0,Married,Master,0
CUST_0719,43.0,66596.40753335357,828,7800.0,Divorced,Bachelor,1
CUST_0219,62.0,43111.874329703336,648,17500.0,Single,High School,1
CUST_0631,33.0,,774,21900.0,Single,Bachelor,1
CUST_0482,78.0,59982.17629156791,730,20000.0,Divorced,High School,1
CUST_0251,44.0,48188.30376573712,447,16900.0,Married,Master,0
CUST_0743,53.0,58450.83909203618,586,11200.0,Married,Bachelor,0
CUST_0896,77.0,35637.75293767154,330,3700.0,Married,Bachelor,0
CUST_0136,41.0,71648.8817338608,411,25400.0,Single,Bachelor,0
CUST_0861,,77334.58251028806,727,26400.0,Married,PhD,1
CUST_0110,40.0,106173.72525967963,322,42500.0,Single,Bachelor,0
CUST_0741,78.0,85061.77205799222,312,32400.0,Married,Bachelor,0
CUST_0492,71.0,86569.92464476223,849,42800.0,Single,Bachelor,1
CUST_0038,66.0,53655.0833756961,819,13800.0,Married,Bachelor,1
CUST_0429,29.0,81022.5962352309,806,38600.0,Divorced,Bachelor,0
CUST_0621,33.0,124213.97819947981,306,53500.0,,Master,0
CUST_0120,70.0,60143.71529414914,661,13900.0,Married,Bachelor,0
CUST_0516,46.0,50127.74257326085,392,20600.0,Single,High School,0
CUST_0929,48.0,88769.9075084037,437,41600.0,Single,PhD,0
CUST_0132,18.0,77364.16505356212,704,15600.0,Single,Master,0
CUST_0421,37.0,95754.03283642865,706,20300.0,Married,PhD,1
CUST_0658,54.0,80563.90833356454,848,33900.0,Married,Bachelor,1
CUST_0549,75.0,18830.689138214962,539,6000.0,Divorced,High School,0
CUST_0736,46.0,89758.83527593767,415,32000.0,Single,PhD,0
CUST_0706,61.0,53057.99635264482,363,23600.0,Married,Master,0
CUST_0751,65.0,57011.080942022985,503,21300.0,Single,High School,0
CUST_0315,23.0,49317.2364580674,678,18700.0,Married,Bachelor,1
CUST_0479,77.0,49884.30553495676,307,22600.0,Divorced,Master,0
CUST_0921,37.0,46945.467301825694,348,19600.0,Married,Master,0
CUST_0754,66.0,31629.904044525574,585,14400.0,Married,Bachelor,0
CUST_0123,42.0,84937.10511195786,560,23100.0,Single,Bachelor,0
CUST_0527,24.0,77965.99119033918,617,31300.0,Single,PhD,1
CUST_0720,25.0,68014.74834726777,446,22600.0,Single,High School,0
CUST_0758,40.0,115708.92980575598,318,43600.0,Divorced,PhD,0
CUST_0183,31.0,95368.05149216371,408,30200.0,Single,Bachelor,0
CUST_0763,66.0,57424.20897504927,626,8700.0,Single,Bachelor,1
CUST_0189,43.0,76989.52311082717,731,16000.0,Divorced,PhD,1
CUST_0567,,60959.35636343822,340,15300.0,Divorced,PhD,0
CUST_0780,36.0,96545.51032335272,834,47700.0,Single,High School,1
CUST_0982,64.0,52655.73555628752,733,20200.0,Married,High School,1
CUST_0419,38.0,69385.52688250283,550,7700.0,Single,Master,0
CUST_0779,76.0,58235.00270841575,403,18200.0,Married,Master,0
CUST_0042,45.0,78370.23225203167,667,23500.0,Single,Master,1
CUST_0145,52.0,114925.20392107364,717,47100.0,Single,Master,1
CUST_0815,75.0,83493.74849695648,532,32200.0,Single,Bachelor,0
CUST_0512,60.0,73577.72707379397,679,29900.0,Divorced,Master,1
CUST_0681,72.0,75828.61923079772,408,20200.0,Single,Bachelor,0
CUST_0256,68.0,24267.434736143696,441,5500.0,Divorced,Bachelor,0
CUST_0364,77.0,68323.40463056727,776,25200.0,Single,Bachelor,1
CUST_0443,44.0,25217.137603102325,807,10900.0,Single,Bachelor,0
CUST_0812,62.0,75550.32901767422,326,20900.0,Single,Master,0
CUST_0176,64.0,102770.08045286316,461,21400.0,Married,Bachelor,1
CUST_0609,18.0,77951.67359612728,494,26000.0,Married,High School,0
CUST_0433,72.0,24864.77522038594,453,6900.0,Single,Bachelor,0
CUST_0350,42.0,31681.388230292883,832,11600.0,Married,High School,1
CUST_0019,41.0,73329.33237099562,707,16200.0,Single,Bachelor,1
CUST_0287,45.0,45736.94472914742,397,22700.0,Married,High School,0
CUST_0460,34.0,62398.75608000909,554,17800.0,Single,Bachelor,0
CUST_0162,72.0,80949.16747552414,337,8400.0,Single,High School,0
CUST_0997,35.0,72286.24808029516,806,29900.0,Single,Bachelor,1
CUST_0686,44.0,50250.5352396389,599,19800.0,Single,High School,0
CUST_0560,32.0,,719,23600.0,Married,High School,0
CUST_0745,54.0,72559.97110595561,779,25100.0,Married,Bachelor,1
CUST_0506,19.0,61033.13890723409,386,18200.0,Single,Bachelor,0
CUST_0704,27.0,53724.87424675181,816,23300.0,Married,Master,0
CUST_0624,22.0,15000.0,492,5400.0,Single,Master,0
CUST_0358,77.0,62040.05248634427,430,26500.0,Married,Bachelor,0
CUST_0678,33.0,103440.28900185104,642,31500.0,Single,Bachelor,0
CUST_0906,62.0,112325.91034779152,302,32600.0,Single,Bachelor,0
CUST_0476,70.0,93141.96960924074,781,22200.0,Divorced,Bachelor,1
CUST_0317,28.0,55825.67002799043,726,7600.0,Married,Master,1
CUST_0769,58.0,143549.17443219497,300,31900.0,Single,Bachelor,0
CUST_0663,22.0,70766.02275660912,500,15700.0,Single,High School,0
CUST_0972,65.0,62454.60644926076,525,27500.0,Single,Bachelor,0
CUST_0914,38.0,71506.63895919317,655,29300.0,Single,Bachelor,0
CUST_0674,73.0,47159.58610648091,788,22000.0,Single,High School,1
CUST_0615,65.0,62479.4252453698,659,20000.0,Married,High School,1
CUST_0338,24.0,68169.82899201174,339,17000.0,Single,High School,0
CUST_0211,49.0,35555.36146269117,804,8500.0,Divorced,Bachelor,1
CUST_0308,76.0,83699.5108515479,746,31500.0,Married,Bachelor,1
CUST_0297,70.0,65325.01266237814,831,21000.0,Married,Bachelor,1
CUST_0570,61.0,80154.1272652864,749,20000.0,Married,Master,1
CUST_0666,69.0,61449.036830640325,358,28100.0,Single,High School,0
CUST_0923,35.0,87809.36534907174,353,16400.0,Divorced,Bachelor,0
CUST_0092,71.0,45387.20265466744,644,13300.0,Single,PhD,0
CUST_0967,50.0,74508.9632595979,513,20400.0,Divorced,High School,0
CUST_0449,45.0,71850.14462713929,564,15000.0,Married,High School,0
CUST_0521,67.0,94659.6853053822,348,43000.0,Married,Master,0
CUST_0473,46.0,99456.8696583931,744,41400.0,Married,High School,1
CUST_0930,18.0,15000.0,686,5700.0,Single,High School,0
CUST_0402,52.0,50318.264555845526,300,20900.0,Single,High School,1
CUST_0424,24.0,83238.56916589534,849,21900.0,Married,Master,1
CUST_0713,78.0,26388.387659838314,786,3400.0,Married,Bachelor,1
CUST_0457,21.0,80453.51488201704,367,33600.0,Married,Bachelor,0
CUST_0588,59.0,66190.08879535878,610,17000.0,Single,Master,0
CUST_0755,56.0,92731.5050555731,356,13900.0,Single,High School,1
CUST_0875,56.0,44375.79057668786,400,8900.0,Single,Bachelor,0
CUST_0776,42.0,73128.34121579428,556,34900.0,Single,High School,1
CUST_0312,22.0,62579.34906516473,396,29400.0,Married,High School,0
CUST_0335,36.0,88754.46198821419,686,9100.0,Single,Bachelor,1
CUST_0732,70.0,71975.76063656347,462,34700.0,Single,Bachelor,0
CUST_0652,38.0,75982.56894203677,424,32300.0,Divorced,Bachelor,0
CUST_0768,52.0,82443.42820373634,848,37700.0,Single,Bachelor,1
CUST_0705,60.0,68729.43150862338,463,16800.0,Single,High School,0
CUST_0554,75.0,81004.7455926781,819,15600.0,Married,Bachelor,1
CUST_0729,24.0,69594.27836557606,764,26000.0,Married,High School,1
CUST_0496,63.0,80949.33175376932,754,30100.0,Married,Master,1
CUST_0388,41.0,66119.1716773726,374,17100.0,Married,Bachelor,0
CUST_0240,74.0,85185.43402707002,481,23200.0,Single,PhD,0
CUST_0039,,15000.0,619,5500.0,Single,Bachelor,1
CUST_0541,45.0,67223.80681524255,300,7100.0,Single,Bachelor,0
CUST_0837,63.0,31839.48282852517,707,13400.0,Single,Bachelor,1
CUST_0030,38.0,,690,25300.0,Divorced,PhD,0
CUST_0218,59.0,41587.14956258159,601,6100.0,Married,Bachelor,0
CUST_0656,79.0,15000.0,421,6900.0,Single,Bachelor,0
CUST_0151,56.0,59669.82182737089,400,12900.0,,Bachelor,0
CUST_0819,75.0,43568.13950645685,352,10400.0,Single,PhD,0
CUST_0128,58.0,85795.45440263157,523,36800.0,Single,Bachelor,0
CUST_0837,63.0,31839.48282852517,707,13400.0,Single,Bachelor,1
CUST_0842,67.0,47727.989692844756,358,22000.0,Divorced,PhD,0
CUST_0161,65.0,84071.18226995302,501,15300.0,Divorced,Master,0
CUST_0594,45.0,,578,29700.0,Married,PhD,0
CUST_0466,70.0,126346.05435364273,334,49100.0,Single,High School,0
CUST_0041,59.0,58418.95718570101,849,20700.0,Single,Master,0
CUST_0581,72.0,41574.44989000185,649,16800.0,Divorced,Master,1
CUST_0111,77.0,101985.84819572062,712,19500.0,Married,Bachelor,1
CUST_0354,47.0,,401,42700.0,Married,Master,0
CUST_0985,27.0,30301.348485836505,839,8500.0,Divorced,High School,0
CUST_0545,40.0,76593.0964347608,755,22300.0,Married,Master,1
CUST_0636,,29700.975586393717,739,8500.0,Married,High School,1
CUST_0347,28.0,87784.4048951141,315,30500.0,Married,Master,0
CUST_0931,70.0,62299.05750526874,410,21500.0,Single,Master,0
CUST_0253,79.0,76134.97061029352,498,32500.0,Single,Bachelor,1
CUST_0778,30.0,110519.5094178839,493,30400.0,Married,High School,1
CUST_0168,61.0,80202.84728045833,815,31500.0,,Bachelor,1
CUST_0113,79.0,26923.094027991174,407,4300.0,Single,Master,0
CUST_0205,62.0,15000.0,698,2600.0,Divorced,High School,1
CUST_0160,50.0,77432.29444576938,704,14000.0,Single,Bachelor,0
CUST_0695,78.0,77595.39238973887,734,27400.0,Married,PhD,1
CUST_0370,29.0,22011.474832194494,676,10200.0,Divorced,High School,0
CUST_0015,41.0,46509.530764266194,386,13900.0,Married,Bachelor,0
CUST_0252,26.0,48622.255820226696,771,11000.0,Married,Bachelor,1
CUST_0427,50.0,71404.03646084561,846,21900.0,Single,High School,1
CUST_0108,25.0,49399.58177778554,814,5500.0,Married,Bachelor,1
CUST_0022,70.0,58293.423451262184,447,28000.0,Married,Bachelor,0
CUST_0078,61.0,58159.75641240079,521,10000.0,Single,Bachelor,0
CUST_0890,18.0,47842.023108772104,535,22900.0,Married,Bachelor,0
CUST_0249,23.0,47042.41459573129,698,19900.0,Married,High School,0
CUST_0869,,31068.6192293305,770,7300.0,Married,PhD,1
CUST_0583,69.0,95378.87522179385,557,17400.0,Single,High School,0
CUST_0924,64.0,25057.20200566478,343,5900.0,Single,PhD,0
CUST_0279,54.0,50807.02413060773,793,12800.0,Single,High School,0
CUST_0969,37.0,32076.110647578542,494,6800.0,Married,Bachelor,0
CUST_0084,34.0,65890.8864962614,696,30200.0,Single,Bachelor,0
CUST_0318,65.0,76809.91607098395,606,24700.0,Married,Master,1
CUST_0668,27.0,61512.36311283572,799,16100.0,Married,Master,1
CUST_0469,77.0,69241.32223677129,624,18800.0,Divorced,High School,0
CUST_0310,55.0,,553,17700.0,Single,Master,1
CUST_0565,50.0,48750.66970341325,631,11700.0,Married,PhD,0
CUST_0250,25.0,87647.19028726258,502,32500.0,Married,High School,0
CUST_0534,63.0,46503.14308841531,482,14100.0,Single,Bachelor,0
CUST_0185,44.0,42953.02762389839,841,10800.0,Single,High School,0
CUST_0122,43.0,15000.0,428,2400.0,Single,Bachelor,0
CUST_0647,29.0,54763.61887554489,729,21600.0,Single,PhD,0
CUST_0528,74.0,49382.331920947414,662,14100.0,Married,High School,1
CUST_0682,19.0,57512.2715456948,796,15000.0,Married,High School,1
CUST_0954,25.0,41939.18284971303,311,15200.0,Married,PhD,0
CUST_0626,46.0,74381.28139046796,501,9300.0,Single,High School,0
CUST_0961,58.0,88763.4501982111,459,41300.0,Divorced,PhD,0
CUST_0834,78.0,,477,15600.0,Single,High School,0
CUST_0361,65.0,70762.18036508758,681,35300.0,Married,Bachelor,0
CUST_0028,19.0,55252.240224755544,698,9500.0,Married,PhD,1
CUST_0282,34.0,88040.86795884618,813,34600.0,Married,High School,0
CUST_0799,22.0,73232.8946287944,657,15300.0,Married,Bachelor,1
CUST_0965,34.0,107863.1767048433,755,34200.0,Single,Bachelor,1
CUST_0488,35.0,65971.94019807367,325,13700.0,Married,High School,1
CUST_0077,24.0,49369.04541116109,843,20900.0,Married,Master,1
CUST_0708,30.0,51581.53649396226,416,24200.0,Single,High School,0
CUST_0977,78.0,108731.0405510882,770,51700.0,Divorced,Bachelor,0
CUST_0472,41.0,88635.24749942831,500,27700.0,Single,PhD,0
CUST_0613,79.0,118897.12272061156,362,57500.0,Married,Master,0
CUST_0411,33.0,87556.3668347298,601,23400.0,Divorced,Bachelor,1
CUST_0274,79.0,,327,15200.0,Married,Master,0
CUST_0440,68.0,57506.53558476993,362,22800.0,Married,Master,0
CUST_0643,63.0,65714.9194179586,643,27200.0,Married,Bachelor,0
CUST_0396,37.0,55437.924563547705,547,23300.0,Divorced,Master,0
CUST_0846,22.0,15646.563791602828,589,6200.0,Single,Bachelor,0
CUST_0964,71.0,81839.1285796675,803,30400.0,Single,High School,1
CUST_0087,57.0,84218.18730368323,537,13600.0,Married,High School,0
CUST_0721,46.0,55139.45382303698,603,15500.0,Married,Master,0
CUST_0797,33.0,38534.01626507296,461,5000.0,Single,Master,0
CUST_0423,25.0,15000.0,653,1600.0,Single,PhD,0
CUST_0372,54.0,57984.59959587964,749,14100.0,Divorced,High School,1
CUST_0031,50.0,70836.64491200607,798,31600.0,Married,PhD,0
CUST_0568,77.0,31468.133224542835,404,13600.0,Single,High School,0
CUST_0080,25.0,60069.458228661904,796,25400.0,Single,Master,1
CUST_0179,18.0,82170.79476356615,359,41100.0,Divorced,Bachelor,0
CUST_0537,29.0,93415.119292614,696,27400.0,Single,Bachelor,0
CUST_0432,39.0,,569,22000.0,Married,Bachelor,0
CUST_0325,33.0,107535.73108815428,463,35900.0,Divorced,High School,0
CUST_0214,68.0,49873.42310020242,349,7800.0,Single,High School,0
CUST_0127,62.0,79158.50326297556,782,32100.0,Divorced,Bachelor,1
CUST_0102,79.0,70167.23657502692,387,23100.0,Married,Master,0
CUST_0034,,71008.77890193694,741,26300.0,Married,High School,1
CUST_0104,31.0,15000.0,760,6600.0,Single,Bachelor,1
CUST_0581,72.0,41574.44989000185,649,16800.0,Divorced,Master,1
CUST_0158,29.0,60269.80851260807,453,14800.0,Single,High School,1
CUST_0976,52.0,55399.19555299649,423,27400.0,Married,High School,0
CUST_0874,36.0,49276.777720282684,312,5400.0,Married,High School,0
CUST_0416,21.0,97454.4426958674,506,32800.0,Single,Bachelor,0
CUST_0459,66.0,54603.31646470538,426,13000.0,Single,High School,1
CUST_0500,64.0,53146.360471913584,375,12300.0,Married,Master,0
CUST_0957,67.0,46674.84841808397,783,16200.0,Married,Bachelor,1
CUST_0281,73.0,44283.549091555135,816,18300.0,Married,Master,0
CUST_0995,71.0,57322.62788222247,324,8400.0,Married,High School,0
CUST_0461,61.0,77881.82132466914,315,20700.0,Married,Bachelor,0
CUST_0784,78.0,52948.830129294576,713,8600.0,Single,High School,1
CUST_0742,74.0,55041.97734940096,793,7000.0,Single,Bachelor,1
CUST_0288,71.0,49399.26765898641,443,11400.0,Married,Master,0
CUST_0617,57.0,107141.20753547913,417,38000.0,Married,High School,0
CUST_0083,31.0,69453.2106440266,448,18100.0,Single,Master,0
CUST_0313,69.0,53111.73639589126,526,6800.0,Single,High School,0
CUST_0018,57.0,41593.87429305109,734,11100.0,Divorced,Master,0
CUST_0718,34.0,67295.14436451683,823,12200.0,Married,High School,1
CUST_0888,58.0,71834.40869860668,795,15600.0,Married,Bachelor,0
CUST_0611,51.0,117893.89304791638,471,32700.0,Married,High School,1
CUST_0916,77.0,53747.471657744405,551,18800.0,Married,Bachelor,0
CUST_0715,67.0,15000.0,816,6000.0,Married,Bachelor,1
CUST_0744,27.0,52308.00543835845,413,24400.0,Single,Bachelor,0
CUST_0231,28.0,99929.11068872028,847,41900.0,Single,Bachelor,1
CUST_0839,57.0,51322.61756532246,329,19500.0,Single,Master,0
CUST_0510,50.0,80972.27614841933,582,24700.0,Single,High School,1
CUST_0843,44.0,106806.98090217123,770,48700.0,Married,High School,0
CUST_0037,42.0,71279.87430549186,651,22200.0,Single,High School,0
CUST_0489,42.0,66081.79236860726,705,15500.0,Divorced,PhD,0
CUST_0543,19.0,51434.878956043045,318,9400.0,Single,PhD,0
CUST_0937,74.0,55654.315148764195,708,18000.0,Single,High School,1
CUST_0912,33.0,92089.62251855747,737,33900.0,Married,High School,1
CUST_0244,69.0,67066.39898612579,740,32500.0,Single,Bachelor,1
CUST_0918,53.0,89526.71634186758,526,39500.0,,Master,0
CUST_0456,36.0,56710.334393421035,340,17500.0,,High School,0
CUST_0738,53.0,88586.5960466342,446,35100.0,Single,Master,0
CUST_0783,29.0,34567.37860342468,559,3600.0,Single,High School,1
CUST_0880,67.0,78069.44876164729,832,27300.0,Single,Bachelor,0
CUST_0942,33.0,25933.630368348044,455,5900.0,Single,Master,0
CUST_0694,50.0,24861.414833972995,438,8600.0,Divorced,Bachelor,0
CUST_0524,30.0,55027.687693661224,435,24900.0,Single,High School,0
CUST_0558,59.0,129101.44873250867,730,16500.0,Single,Master,1
CUST_0081,64.0,34348.674895047436,532,6900.0,Divorced,High School,0
CUST_0593,36.0,90578.53011718066,522,37100.0,Divorced,Bachelor,0
CUST_0582,57.0,105470.05062551494,595,11200.0,Single,Bachelor,1
CUST_0773,79.0,15000.0,427,2500.0,Married,High School,0
CUST_0501,39.0,53387.3268624378,791,17000.0,Single,Bachelor,0
CUST_0174,52.0,85143.38248815296,799,36400.0,Single,Bachelor,1
CUST_0566,25.0,88430.59053837124,677,41700.0,Single,High School,1
CUST_0051,61.0,74389.70169979114,516,7800.0,Divorced,PhD,0
CUST_0646,22.0,138655.32066658064,454,42400.0,Married,Bachelor,0
CUST_0032,29.0,85066.30639018574,839,24900.0,Married,High School,1
CUST_0320,50.0,40600.504792708336,567,15500.0,Single,Bachelor,0
CUST_0696,68.0,15000.0,808,4300.0,Married,Bachelor,1
CUST_0503,19.0,72945.1292300471,461,7900.0,Single,High School,0
CUST_0400,79.0,58012.52335499899,500,25800.0,Divorced,High School,0
CUST_0269,79.0,72577.64165251447,477,19800.0,Single,Bachelor,1
CUST_0278,66.0,70957.40655303621,828,12900.0,Married,High School,1
CUST_0935,33.0,81437.99018739686,840,29400.0,Married,High School,1
CUST_0284,66.0,88787.85157357385,411,36600.0,Single,Master,1
CUST_0917,54.0,51343.49572422757,534,10900.0,Divorced,Bachelor,1
CUST_0056,54.0,37453.63000045598,448,14200.0,Married,Master,0
CUST_0016,70.0,48768.81804165726,342,9400.0,Single,High School,1
CUST_0737,,18726.4910526183,636,2500.0,Single,PhD,1
CUST_0442,25.0,83600.95676622904,674,37500.0,Married,Bachelor,0
CUST_0858,24.0,34444.055073110896,624,10200.0,Single,High School,0
CUST_0435,63.0,44849.24200823576,725,4600.0,Divorced,High School,1
CUST_0116,33.0,,427,23400.0,Divorced,Master,0
CUST_0403,42.0,60180.505319034804,490,15900.0,Single,Bachelor,0
CUST_0627,72.0,50925.15821160833,743,20900.0,Divorced,High School,1
CUST_0246,58.0,72824.3537954213,495,35000.0,Married,PhD,0
CUST_0349,74.0,82790.56626177058,408,15400.0,Single,PhD,0
CUST_0079,78.0,114106.3241748725,338,34900.0,Married,Bachelor,0
CUST_0740,38.0,37209.366806531834,742,12600.0,Single,High School,1
CUST_0090,79.0,71311.99470858963,555,21200.0,Single,High School,1
CUST_0734,,68525.9163955641,810,22900.0,Married,Master,1
CUST_0659,40.0,53092.4839757793,469,19600.0,Married,Master,0
CUST_0638,45.0,54502.50750552194,785,14500.0,Single,High School,1
CUST_0106,65.0,32308.573295406066,720,14600.0,Married,Bachelor,1
CUST_0539,40.0,62175.205453297836,632,16400.0,Single,Bachelor,0
CUST_0697,60.0,82680.29207530955,572,22900.0,Married,High School,0
CUST_0504,44.0,49262.0862987729,646,23500.0,Married,Bachelor,1
CUST_0057,68.0,105294.8191429609,787,27200.0,Married,High School,1
CUST_0555,39.0,75069.20729982734,452,35800.0,Single,High School,0
CUST_0612,49.0,59868.634259647835,340,16800.0,Single,High School,0
CUST_0141,28.0,87048.24775958099,613,12000.0,Single,Bachelor,1
CUST_0234,45.0,49239.684399259146,641,6800.0,Single,Bachelor,0
CUST_0805,38.0,61403.855727200906,483,17900.0,Single,Bachelor,0
CUST_0632,68.0,142351.2253905238,425,58300.0,Married,Master,0
CUST_0648,33.0,66915.40263646151,662,18400.0,Married,Bachelor,0
CUST_0462,45.0,94854.54906377672,776,10000.0,Married,Master,1
CUST_0152,75.0,68988.33514326806,431,32600.0,Divorced,High School,0
CUST_0222,70.0,97546.22920400239,560,31200.0,Single,Bachelor,0
CUST_0625,,79279.84801419906,447,34100.0,,High School,0
CUST_0321,26.0,64502.75676273024,307,16100.0,Single,Master,0
CUST_0483,38.0,42349.105137443126,723,6200.0,Married,Bachelor,1
CUST_0063,21.0,76694.48865519275,525,17200.0,Single,High School,0
CUST_0261,76.0,43228.38380884178,381,8600.0,,Bachelor,0
CUST_0001,-5.0,99309.44491368116,541,48900.0,Married,Bachelor,0
CUST_0316,39.0,96291.28678499561,477,27300.0,Married,High School,0
CUST_0166,54.0,32721.890276282353,572,5800.0,Married,Master,1
CUST_0542,51.0,94147.84288428501,467,20000.0,,High School,0
CUST_0265,41.0,53799.32150499424,683,13800.0,Single,Master,1
CUST_0800,52.0,74870.64361019254,487,10400.0,Single,Bachelor,0
CUST_0544,49.0,86927.54946965732,631,10200.0,Married,Bachelor,1
CUST_0685,49.0,113775.85745050048,832,40400.0,Single,Bachelor,1
CUST_0301,23.0,70773.59890970409,513,21800.0,Married,High School,0
CUST_0340,58.0,64916.22825852566,519,22800.0,Single,Bachelor,0
CUST_0273,29.0,125746.19321634923,653,30500.0,Single,PhD,0
CUST_0831,,126701.30455574568,755,36500.0,Married,Master,1
CUST_0702,50.0,122694.7923749017,819,37000.0,Married,Master,1
CUST_0420,65.0,99714.77803610457,518,18300.0,Single,High School,0
CUST_0105,48.0,98577.47045269323,577,45400.0,Married,Bachelor,0
CUST_0673,18.0,71705.42020694239,464,7700.0,Divorced,Master,0
CUST_0348,45.0,42086.35438061401,428,16700.0,Single,Bachelor,0
CUST_0871,44.0,61412.191391114706,474,20200.0,Married,Bachelor,0
CUST_0623,56.0,56164.3314066001,720,11900.0,Married,High School,1
CUST_0996,18.0,90653.85703492165,693,43200.0,Divorced,Bachelor,0
CUST_0894,79.0,65621.30845611611,696,27200.0,Single,High School,0
CUST_0508,34.0,78901.4161957214,513,21700.0,Single,PhD,0
CUST_0103,53.0,,343,15000.0,Single,Bachelor,0
CUST_0398,,51639.83284941579,346,23000.0,Married,High School,0
CUST_0788,26.0,37249.0473727137,487,4000.0,Married,High School,1
CUST_0210,30.0,104189.86052197419,699,45900.0,Single,Bachelor,1
CUST_0415,50.0,15000.0,692,2700.0,Married,PhD,0
CUST_0868,61.0,83324.37948153703,700,38100.0,Single,High School,1
CUST_0147,50.0,80665.40168832461,676,34700.0,Single,High School,0
CUST_0847,46.0,91065.22089091217,653,27800.0,Single,PhD,0
CUST_0107,32.0,129333.1238027608,652,63300.0,Single,Master,0
CUST_0498,67.0,,839,26700.0,Single,Bachelor,1
CUST_0854,18.0,32250.57104294016,508,4900.0,Divorced,High School,0
CUST_0355,59.0,54532.37897983877,805,7300.0,Married,Bachelor,1
CUST_0886,25.0,,654,27300.0,Single,Master,1
CUST_0993,73.0,76070.15952552289,740,13000.0,Married,Bachelor,1
CUST_0922,74.0,130730.31578250682,417,52500.0,Married,Bachelor,0
CUST_0267,69.0,29157.28568845288,724,7700.0,Single,High School,0
CUST_0331,53.0,38887.631340003034,767,10900.0,Single,Bachelor,1
CUST_0399,65.0,16187.828174732938,753,7500.0,Single,Bachelor,0
CUST_0553,75.0,45492.458653577385,752,22600.0,Married,High School,0
CUST_0119,64.0,77414.45397411998,435,21000.0,Married,PhD,1
CUST_0393,53.0,98871.12930933124,571,40400.0,Single,Master,0
CUST_0059,38.0,79005.642774268,459,38500.0,Married,High School,0
CUST_0201,47.0,121429.95702732849,700,20500.0,Single,Bachelor,1
CUST_0852,65.0,71289.277120808,395,28300.0,Single,Bachelor,0
CUST_0899,73.0,66500.7251438003,465,23000.0,Single,PhD,0
CUST_0529,53.0,83797.56545081746,681,37700.0,Single,High School,1
CUST_0257,59.0,67746.32367386861,612,32100.0,Married,High School,0
CUST_0938,28.0,80815.53249460674,677,35800.0,Divorced,PhD,0
CUST_0650,43.0,26411.554704122187,533,3600.0,Married,High School,1
CUST_0851,25.0,69228.10125247725,453,32700.0,Single,Master,0
CUST_0762,29.0,121153.2241484003,787,49700.0,Single,Bachelor,0
CUST_0986,73.0,45943.96344676045,577,21400.0,Married,Bachelor,0
CUST_0841,26.0,54129.35595224387,504,16500.0,Single,Master,0
CUST_0227,61.0,34126.39016156466,481,15800.0,Married,Bachelor,0
CUST_0242,79.0,64037.706999506474,527,18800.0,Married,Master,0
CUST_0165,41.0,81334.99344787216,319,9800.0,Married,High School,0
CUST_0332,36.0,59440.13200280394,753,20500.0,Single,Bachelor,0
CUST_0199,49.0,15000.0,417,6200.0,Single,Bachelor,0
CUST_0383,37.0,57305.35958300469,845,26000.0,Married,Bachelor,1
CUST_0511,26.0,104182.69666597381,766,15200.0,Single,High School,1
CUST_0712,19.0,15000.0,694,7300.0,Married,Master,1
CUST_0182,72.0,100812.04793631265,705,40800.0,Married,High School,1
CUST_0298,61.0,66539.21551563627,453,11700.0,Married,High School,0
CUST_0336,37.0,78489.31016000357,558,32100.0,Married,Master,0
CUST_0245,30.0,60227.212715291425,832,23200.0,Single,Bachelor,1
CUST_0217,19.0,86696.22591657955,846,14100.0,Divorced,High School,0
CUST_0172,52.0,55040.66524557628,635,18900.0,Married,High School,1
CUST_0987,47.0,64747.10221327721,532,11400.0,Single,High School,0
CUST_0850,36.0,91143.37831350853,540,44500.0,Married,Master,0
CUST_0550,79.0,50833.264687247356,600,25000.0,Married,Bachelor,1
CUST_0584,33.0,83552.11471309497,380,32200.0,Married,High School,1
CUST_0126,77.0,63137.30883672068,403,16400.0,,PhD,0
CUST_0387,50.0,43284.820268359894,613,18000.0,Single,Master,0
CUST_0255,50.0,121916.29065997094,791,15600.0,Single,Bachelor,1
CUST_0968,70.0,15000.0,358,6300.0,Married,Bachelor,0
CUST_0485,40.0,59113.58194488265,737,13300.0,Single,High School,0
CUST_0950,75.0,,800,4700.0,Single,PhD,1
CUST_0592,73.0,48482.31879357161,426,13200.0,Married,Master,1
CUST_0689,29.0,79694.0746320937,798,26400.0,Married,High School,1
CUST_0275,56.0,50905.83894692412,342,11900.0,Divorced,Bachelor,0
CUST_0448,50.0,85046.43330100416,585,21200.0,Married,High School,1
CUST_0575,62.0,87268.45209437226,850,29000.0,Single,Master,1
CUST_0710,48.0,84297.0498758858,439,10300.0,Divorced,High School,0
CUST_0973,46.0,50820.18952968305,711,6900.0,Single,Bachelor,1
CUST_0060,26.0,42196.793584762534,650,10800.0,Single,High School,0
CUST_0144,25.0,15000.0,313,5900.0,Single,Master,0
CUST_0538,68.0,53575.816910564376,793,5600.0,Single,High School,1
CUST_0877,20.0,67762.26346748671,822,20900.0,Single,Master,1
CUST_0859,42.0,39439.11551135585,456,10400.0,Married,High School,0
CUST_0622,78.0,54399.035450012525,495,15500.0,Single,Master,0
CUST_0050,68.0,95147.88018106464,468,17700.0,Single,Master,1
CUST_0330,76.0,34995.750089959765,509,5100.0,Single,High School,1
CUST_0285,19.0,95555.08365519842,356,39600.0,Divorced,Bachelor,0
CUST_0526,75.0,81919.25676792387,640,31000.0,Single,Master,0
CUST_0300,49.0,42486.67787032141,367,7700.0,Married,Bachelor,0
CUST_0698,54.0,89257.47218150152,398,26600.0,Married,High School,0
CUST_0911,38.0,101903.65276800166,787,19400.0,Married,Bachelor,0
CUST_0327,20.0,45142.43562091196,371,9000.0,Married,Bachelor,0
CUST_0548,42.0,56134.39542666264,744,24700.0,Single,High School,1
CUST_0307,73.0,70681.5352283642,325,22600.0,Single,Bachelor,0
CUST_0006,25.0,67746.50182608122,472,28700.0,Single,Master,0
CUST_0823,46.0,90720.95738532029,636,16300.0,Single,Bachelor,1
CUST_0616,42.0,102464.120971627,374,32100.0,Single,High School,0
CUST_0640,64.0,58131.31262063957,687,25000.0,Single,Master,1
CUST_0649,43.0,104217.72527527323,747,38200.0,Married,Bachelor,1
CUST_0598,,78813.10213145963,576,21000.0,Single,PhD,1
CUST_0881,45.0,26099.831680657924,592,8900.0,Married,Bachelor,0
CUST_0573,21.0,76116.37964167398,417,10800.0,Married,Bachelor,0
CUST_0664,53.0,15000.0,668,3400.0,Married,High School,0
CUST_0892,30.0,90048.18872387987,312,31000.0,Divorced,Bachelor,0
CUST_0238,50.0,58815.806228497386,569,18500.0,Single,Master,0
CUST_0046,79.0,,659,18900.0,Married,Master,1
CUST_0887,78.0,48783.43532377825,602,8800.0,Single,High School,1
CUST_0948,70.0,99357.73782947738,433,21600.0,Married,Bachelor,0
CUST_0142,68.0,22878.196525806517,311,9900.0,Single,High School,0
CUST_0395,57.0,68623.43536952951,782,12500.0,Married,High School,1
CUST_0891,20.0,72451.30525267939,754,34600.0,Single,High School,0
CUST_0052,72.0,30710.265506921896,677,3200.0,Married,Master,0
CUST_0999,64.0,60054.88285258734,638,26800.0,Married,High School,1
CUST_0373,49.0,74364.62773627446,663,7900.0,Divorced,High School,1
CUST_0391,66.0,85942.43596001221,572,42500.0,Divorced,High School,0
CUST_0417,50.0,101104.3269637242,509,26600.0,Married,High School,1
CUST_0495,57.0,75235.33544672826,431,33700.0,Divorced,Bachelor,0
CUST_0676,62.0,24344.55713528151,664,5400.0,Married,Bachelor,0
CUST_0452,22.0,88202.44441540484,388,40700.0,Married,High School,0
CUST_0872,27.0,51783.44991657095,322,12200.0,Divorced,Bachelor,0
CUST_0691,52.0,46449.506461075536,579,20800.0,Married,Bachelor,1
CUST_0724,43.0,77097.30793104725,716,28800.0,Single,High School,0
CUST_0913,71.0,109355.31260345053,364,31400.0,Married,Bachelor,0
CUST_0334,20.0,80569.99578659804,685,38300.0,Divorced,Master,0
CUST_0306,28.0,88956.34565381428,357,31300.0,Single,Master,0
CUST_0945,29.0,63023.03130984121,801,8500.0,,Bachelor,1
CUST_0966,26.0,38515.361404771495,344,9200.0,Single,Bachelor,0
CUST_0195,56.0,63706.02538236748,445,30600.0,Married,Master,0
CUST_0014,28.0,,804,46700.0,Single,Bachelor,0
CUST_0547,68.0,52892.27048534079,567,21000.0,Single,High School,1
CUST_0241,44.0,86013.18125628891,504,19200.0,Single,Bachelor,0
CUST_0602,40.0,87007.40623133123,728,15200.0,Divorced,Bachelor,1
CUST_0385,71.0,81593.43034720053,606,24300.0,Divorced,Master,1
CUST_0766,40.0,72801.98547049172,591,18800.0,Single,High School,0
CUST_0224,45.0,52615.268926718825,559,15400.0,Single,High School,0
CUST_0003,125.0,93838.29680019671,583,43400.0,,Bachelor,0
CUST_0013,28.0,48893.120495801304,499,18400.0,Married,Master,0
CUST_0276,19.0,,722,5600.0,Married,High School,1
CUST_0505,59.0,69871.32053004617,660,26500.0,Married,Master,0
CUST_0644,79.0,,742,28400.0,Divorced,Master,1
CUST_0884,37.0,52517.56901070007,603,10100.0,Single,Master,1
CUST_0397,79.0,67586.94413282964,455,15800.0,Married,Master,0
CUST_0607,75.0,68656.20019547139,663,27300.0,Divorced,High School,1
CUST_0562,60.0,35333.96206587381,711,8800.0,Single,PhD,1
CUST_0404,46.0,61149.08210083169,815,27500.0,Divorced,Master,1
CUST_0071,70.0,107073.1616093234,713,46500.0,Married,Master,1
CUST_0414,53.0,63747.020608118735,850,21600.0,Married,PhD,1
CUST_0620,18.0,91877.07052589908,739,28600.0,Married,High School,1
CUST_0687,37.0,60913.31658244482,438,22600.0,Married,Bachelor,0
CUST_0130,32.0,130417.49866503984,772,41400.0,Married,Bachelor,0
CUST_0856,69.0,104523.85737258005,387,17400.0,Married,Bachelor,0
CUST_0228,37.0,37516.104379197786,663,4000.0,Married,Bachelor,1
CUST_0760,49.0,15000.0,563,5200.0,Single,Bachelor,0
CUST_0749,66.0,55894.937912801564,425,16800.0,Single,Bachelor,1
CUST_0885,45.0,46167.54439153607,839,9500.0,Single,Master,1
CUST_0333,43.0,72432.67447124555,567,13400.0,Married,Master,0
CUST_0595,75.0,30365.703358256695,707,9600.0,Single,Bachelor,1
CUST_0454,78.0,66357.97216135591,633,28600.0,Single,PhD,0
CUST_0467,23.0,67716.72077668377,793,17200.0,Single,Bachelor,1
CUST_0605,70.0,74298.99751896245,329,33200.0,Single,Master,0
CUST_0470,58.0,64924.68492040402,603,25700.0,Married,High School,0
CUST_0992,72.0,34042.60779059885,661,7100.0,Married,High School,1
CUST_0044,33.0,70690.05802326229,636,34000.0,Single,Master,0
CUST_0793,69.0,44276.797978351955,657,21700.0,Married,High School,1
CUST_0206,32.0,55361.54400080222,377,7700.0,Single,High School,0
CUST_0497,41.0,92541.41784990918,647,24500.0,Single,Bachelor,1
CUST_0728,58.0,69914.55183719344,798,19700.0,Married,Master,1
CUST_0233,72.0,80405.39542420152,713,35200.0,Married,High School,0
CUST_0507,43.0,63959.46266768713,561,30300.0,Single,Master,0
CUST_0036,61.0,116311.31854363726,649,57900.0,Single,High School,0
CUST_0073,37.0,84650.84889280207,587,21200.0,Divorced,Bachelor,0
CUST_0021,39.0,15000.0,316,3600.0,Married,High School,0
CUST_0518,72.0,68860.18192404229,441,30500.0,Married,Bachelor,1
CUST_0451,50.0,71087.3934701975,675,16200.0,Single,Bachelor,0
CUST_0295,79.0,86549.1271265039,690,27600.0,Divorced,High School,1
CUST_0764,72.0,64132.416999252746,841,15300.0,Married,High School,1
CUST_0746,26.0,45366.171437198675,321,9000.0,Married,Bachelor,0
CUST_0175,54.0,15000.0,835,3000.0,Single,Bachelor,1
CUST_0990,62.0,53544.58701748562,791,24700.0,Single,High School,0
CUST_0791,31.0,66444.88963963048,382,16000.0,Married,Bachelor,0
CUST_0117,,,528,25100.0,Divorced,Bachelor,0
CUST_0130,32.0,130417.49866503984,772,41400.0,Married,Bachelor,0
CUST_0810,74.0,,750,20600.0,Divorced,Bachelor,1
CUST_0494,20.0,115422.1886046729,478,46300.0,Married,Bachelor,0
CUST_0853,62.0,85238.48180014768,593,18100.0,Married,Bachelor,0
CUST_0392,,99199.63268606036,588,21500.0,Married,Bachelor,1
CUST_0353,48.0,56918.3677675986,559,13100.0,Married,Bachelor,0
CUST_0991,22.0,83308.62636054112,498,29900.0,Single,High School,0
CUST_0962,53.0,75633.22651191485,630,17800.0,Divorced,High School,0
CUST_0775,65.0,105609.5514650053,426,12900.0,Married,Master,0
CUST_0907,49.0,65653.06078849314,327,24300.0,Single,High School,0
CUST_0838,30.0,83817.55371431568,321,12500.0,Single,Master,0
CUST_0974,30.0,55264.55306267406,504,27400.0,Single,Bachelor,0
CUST_0833,34.0,51312.74107502973,313,16600.0,Single,Bachelor,0
CUST_0149,22.0,124746.95680545809,369,35600.0,Divorced,Bachelor,0
CUST_0194,49.0,54366.96914595388,780,13300.0,Married,Master,0
CUST_0774,37.0,51672.40187838716,500,15000.0,Single,Bachelor,0
CUST_0900,50.0,24728.888610956332,758,10000.0,Married,Bachelor,1
CUST_0202,54.0,41659.047268426875,497,20400.0,Single,High School,0
CUST_0296,19.0,80584.98597290879,576,39600.0,Married,Bachelor,0
CUST_0017,53.0,43786.98251530217,684,5200.0,Married,Master,1
CUST_0836,24.0,48925.04441297804,352,7200.0,Divorced,High School,0
CUST_0280,66.0,59461.94758288207,497,29300.0,Single,Bachelor,0
CUST_0178,20.0,89923.50170696007,487,21100.0,Married,Bachelor,0
CUST_0932,71.0,63280.228839128045,316,11400.0,Divorced,Master,0
CUST_0717,40.0,38360.90687837436,319,10200.0,Married,Bachelor,0
CUST_0259,41.0,50542.15192681748,613,24900.0,Single,High School,0
CUST_0453,77.0,62572.51081491692,502,8200.0,Married,High School,0
CUST_0963,44.0,86926.96923376468,524,24500.0,Married,Bachelor,0
CUST_0458,52.0,52407.387983171466,813,23800.0,Single,Bachelor,1
CUST_0599,43.0,67544.10182469063,737,26000.0,,Master,1
CUST_0557,69.0,35919.486497739905,642,10000.0,Married,Bachelor,0
CUST_0936,40.0,68551.27360811523,470,12600.0,Divorced,Bachelor,0
CUST_0322,77.0,73341.08828626493,807,23900.0,Divorced,High School,1
CUST_0101,27.0,25987.352140433235,706,6600.0,Divorced,Bachelor,0
CUST_0064,42.0,65376.60953947487,822,12600.0,Married,Bachelor,1
CUST_0811,56.0,98131.72627595828,514,44200.0,Married,PhD,0
CUST_0173,18.0,71254.76230619107,354,32700.0,,High School,0
CUST_0324,23.0,31432.336037342895,596,11600.0,Single,Bachelor,0
CUST_0379,36.0,84199.58174236424,455,28500.0,Married,High School,0
CUST_0337,49.0,98668.64946602489,582,34500.0,Married,High School,0
CUST_0816,56.0,58656.332979310406,736,12500.0,Married,Master,1
CUST_0787,29.0,74760.05859790667,654,14000.0,Married,High School,0
CUST_0163,40.0,53939.19062721757,487,14800.0,Divorced,Bachelor,0
CUST_0416,21.0,97454.4426958674,506,32800.0,Single,Bachelor,0
CUST_0525,77.0,84260.63042791607,703,33100.0,Single,Bachelor,1
CUST_0121,,59844.02602610334,485,26100.0,Married,Master,1
CUST_0688,41.0,36370.56439911548,658,5700.0,Married,PhD,1
CUST_0115,38.0,70649.93185235074,580,13400.0,Married,PhD,0
CUST_0431,68.0,64393.06800270145,723,25000.0,Single,Bachelor,1
CUST_0606,18.0,60701.70774088699,487,23700.0,Single,PhD,0
CUST_0277,20.0,56086.69775139808,476,7200.0,Single,Bachelor,1
CUST_0380,65.0,105030.95567855102,517,35500.0,Married,High School,0
CUST_0551,78.0,94087.13645078147,402,26400.0,Divorced,PhD,0
CUST_0864,77.0,49952.819719969164,382,12400.0,Married,Master,0
CUST_0633,54.0,60609.96748222418,694,24200.0,Single,High School,0
CUST_0794,36.0,69086.93697918633,827,11600.0,Married,PhD,1
CUST_0422,73.0,85901.5262789881,742,33100.0,Single,Bachelor,1
CUST_0828,,58742.032206675154,373,28000.0,Married,Bachelor,0
CUST_0062,35.0,59117.0314523187,587,24200.0,Single,Master,0
CUST_0983,42.0,35139.006049857504,630,7400.0,Married,High School,0
CUST_0909,78.0,87161.20492540649,448,10300.0,Married,Bachelor,0
CUST_0876,79.0,69035.99658219247,835,21300.0,Divorced,High School,1
CUST_0855,39.0,24212.47946539588,642,10700.0,Married,Bachelor,1
CUST_0949,25.0,50037.659582091605,690,11700.0,Single,PhD,1
CUST_0796,64.0,103966.99775222456,674,42700.0,Married,High School,0
CUST_0757,41.0,94289.51317206277,462,17600.0,Married,High School,0
CUST_0344,35.0,72855.09332376128,665,34700.0,Divorced,Bachelor,0
CUST_0045,32.0,,522,18600.0,Divorced,Bachelor,0
CUST_0369,79.0,72444.00627295993,510,8700.0,Married,Bachelor,0
CUST_0008,38.0,112788.24016273572,715,26500.0,Married,Master,1
CUST_0679,41.0,,653,3000.0,Married,Bachelor,1
CUST_0634,39.0,46009.52897379226,624,7400.0,Single,Master,0
CUST_0564,54.0,65582.69002214674,412,7700.0,Single,Bachelor,1
CUST_0563,77.0,55744.76442966875,383,13800.0,Single,Master,0
CUST_0818,48.0,102741.56145990102,702,18100.0,Single,Bachelor,0
CUST_0951,45.0,47271.84037745219,332,5500.0,Married,High School,0
CUST_0061,56.0,89927.8805474455,587,39700.0,Single,Bachelor,0
CUST_0290,54.0,68725.1341725081,385,32000.0,Single,Master,0
CUST_0630,,,778,46800.0,Single,Master,1
CUST_0792,48.0,84241.44378364063,422,18600.0,Single,Bachelor,0
CUST_0807,70.0,76925.09298487683,807,17000.0,Married,PhD,1
CUST_0196,66.0,,412,39200.0,Married,Master,0
CUST_0009,56.0,72988.43947171787,748,28500.0,Married,Bachelor,1
CUST_0076,77.0,44533.075367035504,421,5300.0,Single,PhD,0
CUST_0653,56.0,42794.73111381881,544,16400.0,Married,Master,0
CUST_0619,70.0,108305.3813121412,589,20600.0,Single,Bachelor,1
CUST_0376,26.0,56228.367325661515,430,13600.0,Divorced,High School,0
CUST_0830,27.0,55987.14458190276,783,17300.0,Divorced,High School,0
CUST_0919,52.0,82806.78723764695,824,39000.0,Divorced,High School,0
CUST_0378,52.0,20486.082919737943,576,3800.0,Single,Bachelor,1
CUST_0893,45.0,34045.93062986081,509,16000.0,Divorced,High School,0
CUST_0366,19.0,62041.91443297524,671,11300.0,Married,High School,0
CUST_0727,68.0,63709.28819269327,698,17900.0,Single,PhD,1
CUST_0237,79.0,91294.5866753975,519,34900.0,Single,High School,0
CUST_0849,55.0,23772.941651644433,740,6200.0,Single,Bachelor,1
CUST_0786,36.0,62618.87304436637,374,22100.0,Single,PhD,0
CUST_0368,65.0,37022.12679933228,733,15800.0,Single,Master,1
CUST_0262,71.0,24700.970508747887,430,4100.0,Single,High School,0
CUST_0910,64.0,15000.0,839,5400.0,Married,Master,1
CUST_0578,47.0,63978.55166009979,753,19700.0,Married,Master,1
CUST_0074,45.0,57821.49756441537,734,18500.0,Married,Bachelor,1
CUST_0109,31.0,75039.01420314997,318,32700.0,Married,Bachelor,0
CUST_0552,39.0,41766.695147443155,549,12800.0,Single,Bachelor,0
CUST_0408,19.0,15000.0,832,4700.0,Single,High School,1
CUST_0790,45.0,71952.65047729902,344,17700.0,Single,Bachelor,0
CUST_0068,75.0,91132.81982519026,482,36900.0,Single,Master,0
CUST_0027,55.0,99919.83946925607,735,31800.0,Single,High School,1
CUST_0600,70.0,58149.204643801364,406,14800.0,Single,High School,0
CUST_0572,56.0,72910.65182622708,509,10100.0,Married,Bachelor,0
CUST_0898,42.0,,628,13400.0,Married,PhD,0
CUST_0826,35.0,75804.81628663512,843,24600.0,Divorced,Bachelor,0
CUST_0530,62.0,89422.47695092665,532,16200.0,Divorced,High School,1
CUST_0213,76.0,23013.51794995524,437,2800.0,Married,High School,0
CUST_0171,44.0,109309.44967443988,814,44100.0,Divorced,Master,1
CUST_0809,33.0,71187.44492093027,594,7200.0,Married,Bachelor,0
CUST_0835,55.0,47491.27981355116,711,17300.0,Single,High School,1
CUST_0134,24.0,44630.39680024257,530,15100.0,Divorced,High School,0
CUST_0464,46.0,27504.07721691139,731,7800.0,Divorced,Bachelor,1
CUST_0597,43.0,87982.57174269388,593,19600.0,Single,Bachelor,1
CUST_0574,23.0,40116.11590189958,676,4800.0,Divorced,PhD,1
CUST_0186,26.0,77815.12430940552,613,20700.0,Divorced,Bachelor,0
CUST_0739,42.0,73560.69413053186,622,10100.0,Married,High School,0
CUST_0010,75.0,69831.95154623465,386,22000.0,Divorced,High School,0
CUST_0286,19.0,15000.0,365,5100.0,Single,High School,0
CUST_0357,24.0,74289.84576216317,836,33000.0,Married,Bachelor,0
CUST_0939,29.0,66226.33523185893,487,28700.0,Married,PhD,0
CUST_0362,74.0,75807.71827976925,526,14500.0,Married,PhD,0
CUST_0662,71.0,96891.11206564435,386,31800.0,Single,High School,0
CUST_0878,62.0,74449.03649842185,751,25000.0,Divorced,Bachelor,1
CUST_0272,69.0,39984.49298567649,588,8000.0,Single,Master,1
CUST_0956,77.0,98707.00164815996,672,21500.0,Divorced,Master,1
CUST_0941,49.0,32193.01536652702,418,7900.0,Divorced,High School,0
CUST_0770,47.0,65825.67607414493,848,21100.0,Single,Master,1
CUST_0055,20.0,123549.38006282489,669,29900.0,Single,High School,0
CUST_0523,41.0,35364.499882992226,489,13600.0,Married,Bachelor,1
CUST_0897,66.0,26588.706487744275,827,10900.0,Divorced,High School,0
CUST_0114,57.0,36603.36256231883,666,13600.0,Single,Bachelor,1
CUST_0271,75.0,90999.81099574575,626,31100.0,Single,Master,1
CUST_0699,29.0,92369.59279099783,403,41100.0,Married,Bachelor,1
CUST_0193,68.0,56196.881992408154,482,16500.0,Married,Bachelor,0
CUST_0680,33.0,51184.30012734496,715,24300.0,Single,Master,0
CUST_0356,52.0,101373.19520814167,546,42900.0,Married,Bachelor,0
CUST_0915,28.0,55965.35582045405,832,8400.0,Married,Bachelor,1
CUST_0410,52.0,97435.1528715656,612,40300.0,Married,High School,1
CUST_0801,29.0,50469.120672929195,621,21800.0,Divorced,High School,0
CUST_0947,45.0,81147.94564484528,720,21700.0,Single,Master,0
CUST_0748,52.0,61528.435320133205,619,20800.0,Married,High School,0
CUST_0603,26.0,101896.33201218213,674,34600.0,Married,Master,1
CUST_0862,53.0,89135.19936088451,751,29500.0,Married,PhD,1
CUST_0661,27.0,106498.69006813219,334,30500.0,Divorced,Master,0
CUST_0268,66.0,101634.74388797735,460,48200.0,Divorced,High School,0
CUST_0159,51.0,79482.58592180551,768,30900.0,Married,Bachelor,1
CUST_0520,52.0,69743.02208895146,731,18400.0,Single,Bachelor,1
CUST_0212,24.0,47993.4603201523,799,5400.0,Single,Bachelor,0
CUST_0591,34.0,94585.35623847967,348,32400.0,Married,Bachelor,0
CUST_0314,51.0,90392.1736265871,735,24600.0,Married,Master,1
CUST_0341,50.0,63275.4834913552,428,16100.0,Single,PhD,0
CUST_0434,39.0,79196.33684428179,382,33400.0,Married,Bachelor,0
CUST_0133,42.0,81014.55017372879,601,17700.0,Single,Master,1
CUST_0946,41.0,27992.897544813422,474,6000.0,Single,Bachelor,0
CUST_0094,21.0,81276.6264167576,765,11100.0,Married,High School,0
CUST_0468,52.0,22280.809020510518,768,6600.0,Single,Bachelor,0
CUST_0426,34.0,89896.43821796236,800,13000.0,Married,Bachelor,1
CUST_0865,48.0,80782.28208150419,476,33500.0,Divorced,Master,0
CUST_0093,59.0,76795.6747816599,833,27200.0,Married,High School,1
CUST_0517,,40220.49225974876,723,13900.0,Married,Master,1
CUST_0066,31.0,77602.67149226335,572,32000.0,Divorced,High School,0
CUST_0382,20.0,63105.72931946366,716,14700.0,Single,High School,1
CUST_0798,70.0,66579.13648267934,679,32900.0,Single,Bachelor,1
CUST_0146,52.0,114599.80319212336,736,27600.0,Married,Bachelor,1
CUST_0475,,61673.54788322329,334,19500.0,Single,Bachelor,0
CUST_0065,77.0,30858.38033790861,821,8700.0,Single,Bachelor,1
CUST_0047,79.0,76518.42668909798,628,21700.0,Married,PhD,0
CUST_0531,37.0,47614.4592527506,643,7200.0,Single,Bachelor,1
CUST_0808,40.0,15000.0,589,3400.0,Married,Bachelor,0
CUST_0844,75.0,88073.3045552352,765,37600.0,Married,Bachelor,0
CUST_0618,62.0,53492.61389515383,679,21400.0,Married,High School,0
CUST_0474,66.0,82089.64363002707,623,18000.0,Married,High School,0
CUST_0086,67.0,66725.13778397584,659,30700.0,Married,Bachelor,1
CUST_0958,45.0,46417.74992587583,527,15800.0,Married,High School,1
CUST_0215,39.0,84047.97466089166,553,15600.0,Divorced,Bachelor,0
CUST_0389,69.0,97113.32584834735,578,29700.0,Single,Master,1
CUST_0191,77.0,89251.94444784317,482,18500.0,Single,High School,1
CUST_0188,32.0,91359.88039622786,318,9900.0,Married,High School,0
CUST_0722,43.0,54317.859359806695,527,26000.0,Married,High School,1
CUST_0978,23.0,84850.42683852834,517,23900.0,Single,Bachelor,0
CUST_0684,45.0,48555.68098610779,682,6200.0,Married,Bachelor,1
CUST_0220,79.0,70115.25523812282,348,25800.0,Single,Bachelor,0
CUST_0375,72.0,15000.0,525,7000.0,Married,Bachelor,0
CUST_0455,65.0,93454.26850344514,521,22400.0,Single,PhD,1
CUST_0480,50.0,64226.23380170164,600,9500.0,Single,Bachelor,1
CUST_0164,79.0,76467.75428897532,356,34600.0,Married,High School,0
CUST_0221,74.0,49933.804867367115,373,13700.0,Married,Bachelor,0
CUST_0579,64.0,62025.05060672766,813,14900.0,Married,Bachelor,1
CUST_0698,54.0,89257.47218150152,398,26600.0,Married,High School,0
CUST_0777,39.0,69485.42032078172,846,9000.0,Married,Master,1
CUST_0298,61.0,66539.21551563627,453,11700.0,Married,High School,0
CUST_0590,36.0,62757.60932981184,512,12800.0,Single,High School,0
CUST_0329,77.0,80434.74524300813,403,13600.0,Single,High School,0
CUST_0587,77.0,56916.09469284478,534,13600.0,Single,Bachelor,0
CUST_0371,22.0,72088.95176527282,694,8100.0,Single,High School,0
CUST_0289,40.0,129284.30899221956,734,61600.0,Single,Master,0
CUST_0944,55.0,71958.22653050537,403,19600.0,Single,Master,0
CUST_0075,64.0,55633.466791096405,412,23500.0,Single,Master,0
CUST_0035,78.0,85583.81290697414,560,13200.0,Divorced,Bachelor,1
CUST_0669,75.0,105251.6867173345,408,11100.0,Married,High School,1
CUST_0493,75.0,78616.68610795974,804,20900.0,Divorced,Master,1
CUST_0180,22.0,15000.0,618,3900.0,Single,High School,1
CUST_0254,54.0,65355.29722040493,725,19600.0,Single,High School,1
CUST_0058,24.0,44676.11129703367,673,21500.0,,Master,0
CUST_0802,42.0,42612.264946372554,749,16300.0,Single,Bachelor,1
CUST_0569,61.0,29346.861683267576,501,12800.0,Single,Bachelor,0
CUST_0825,28.0,50806.123420645155,322,7600.0,Single,High School,0
CUST_0357,24.0,74289.84576216317,836,33000.0,Married,Bachelor,0
CUST_0002,150.0,48055.347675165394,531,14900.0,Divorced,High School,0
CUST_0156,26.0,61386.89786615239,835,20600.0,Married,Master,1
CUST_0556,66.0,82246.58124490752,473,9600.0,Married,Bachelor,0
CUST_0204,56.0,69556.01511641634,346,11400.0,Married,Bachelor,1
CUST_0589,47.0,28187.29054897478,656,4600.0,Single,Bachelor,0
CUST_0860,62.0,116998.64809226306,436,54000.0,Single,Master,0
CUST_0730,21.0,69169.24048991295,381,32100.0,Married,High School,0
CUST_0053,69.0,77127.35279033188,418,33300.0,Married,High School,0
CUST_0091,23.0,75005.47426017595,534,22900.0,Married,High School,0
CUST_0960,54.0,52316.68061528635,756,12600.0,Married,High School,1
CUST_0359,33.0,59374.852415740614,652,18100.0,Married,Master,0
CUST_0559,23.0,34606.165645818735,623,13600.0,Single,PhD,0
CUST_0428,65.0,64502.959742778374,841,26700.0,Single,Bachelor,1
CUST_0781,66.0,68232.6743791585,564,11400.0,Single,Master,0
CUST_0490,59.0,90761.83551089573,531,36300.0,Divorced,High School,0
CUST_0628,20.0,62953.73171279855,718,27000.0,Divorced,Bachelor,0
CUST_0446,38.0,42921.068872588075,736,17800.0,Divorced,PhD,1
CUST_0502,40.0,41241.72579508204,493,13600.0,Married,PhD,0
CUST_0465,63.0,80786.15733834845,567,21400.0,Married,Bachelor,1
CUST_0994,50.0,95148.1701904147,325,20700.0,Single,Bachelor,0
CUST_0304,21.0,76669.56375662156,378,23500.0,Married,Master,0
CUST_0029,,93740.57697082707,510,26600.0,Single,High School,0
CUST_0522,42.0,59091.17915189102,601,11200.0,Married,Bachelor,1
CUST_0596,72.0,37317.01216634221,804,15100.0,Married,Bachelor,1
CUST_0971,45.0,75455.16531886341,456,17000.0,Married,Master,0
CUST_0445,51.0,58873.25954209159,419,24900.0,Married,Bachelor,0
CUST_0209,53.0,,436,12400.0,Single,Bachelor,0
CUST_0721,46.0,55139.45382303698,603,15500.0,Married,Master,0
CUST_0895,74.0,47949.14042001714,399,16100.0,Married,PhD,0
CUST_0082,52.0,66041.63167813457,829,13100.0,Married,Bachelor,1
CUST_0767,42.0,96729.42956357822,324,35600.0,Married,Bachelor,0
CUST_0048,64.0,79652.64011808501,762,37300.0,Married,Bachelor,1
